metric,value
accuracy,0.607
precision,0.6300539083557951
recall,0.3977031050616759
f1_score,0.4876140808344198
roc_auc,0.6425565436520992
